"Adrian","mo_cms_municipalities","","plain_text","0"
"Advance","mo_cms_municipalities","","plain_text","0"
"Affton","mo_cms_municipalities","","plain_text","0"
"Agency","mo_cms_municipalities","","plain_text","0"
"Airport Drive","mo_cms_municipalities","","plain_text","0"
"Alba","mo_cms_municipalities","","plain_text","0"
"Albany","mo_cms_municipalities","","plain_text","0"
"Aldrich","mo_cms_municipalities","","plain_text","0"
"Alexandria","mo_cms_municipalities","","plain_text","0"
"Allendale","mo_cms_municipalities","","plain_text","0"
"Allenton","mo_cms_municipalities","","plain_text","0"
"Allenville","mo_cms_municipalities","","plain_text","0"
"Alma","mo_cms_municipalities","","plain_text","0"
"Altamont","mo_cms_municipalities","","plain_text","0"
"Altenburg","mo_cms_municipalities","","plain_text","0"
"Alton","mo_cms_municipalities","","plain_text","0"
"Amazonia","mo_cms_municipalities","","plain_text","0"
"Amity","mo_cms_municipalities","","plain_text","0"
"Amoret","mo_cms_municipalities","","plain_text","0"
"Amsterdam","mo_cms_municipalities","","plain_text","0"
"Anabel","mo_cms_municipalities","","plain_text","0"
"Anderson","mo_cms_municipalities","","plain_text","0"
"Annada","mo_cms_municipalities","","plain_text","0"
"Annapolis","mo_cms_municipalities","","plain_text","0"
"Anniston","mo_cms_municipalities","","plain_text","0"
"Appleton City","mo_cms_municipalities","","plain_text","0"
"Arbela","mo_cms_municipalities","","plain_text","0"
"Arbyrd","mo_cms_municipalities","","plain_text","0"
"Arcadia","mo_cms_municipalities","","plain_text","0"
"Archie","mo_cms_municipalities","","plain_text","0"
"Arcola","mo_cms_municipalities","","plain_text","0"
"Argyle","mo_cms_municipalities","","plain_text","0"
"Arkoe","mo_cms_municipalities","","plain_text","0"
"Armstrong","mo_cms_municipalities","","plain_text","0"
"Arnold","mo_cms_municipalities","","plain_text","0"
"Arrow Point","mo_cms_municipalities","","plain_text","0"
"Arrow Rock","mo_cms_municipalities","","plain_text","0"
"Asbury","mo_cms_municipalities","","plain_text","0"
"Ash Grove","mo_cms_municipalities","","plain_text","0"
"Ashburn","mo_cms_municipalities","","plain_text","0"
"Ashland","mo_cms_municipalities","","plain_text","0"
"Atlanta","mo_cms_municipalities","","plain_text","0"
"Augusta","mo_cms_municipalities","","plain_text","0"
"Aullville","mo_cms_municipalities","","plain_text","0"
"Aurora","mo_cms_municipalities","","plain_text","0"
"Auxvasse","mo_cms_municipalities","","plain_text","0"
"Ava","mo_cms_municipalities","","plain_text","0"
"Avilla","mo_cms_municipalities","","plain_text","0"
"Avondale","mo_cms_municipalities","","plain_text","0"
"Bagnell","mo_cms_municipalities","","plain_text","0"
"Baker","mo_cms_municipalities","","plain_text","0"
"Bakersfield","mo_cms_municipalities","","plain_text","0"
"Baldwin Park","mo_cms_municipalities","","plain_text","0"
"Ballwin","mo_cms_municipalities","","plain_text","0"
"Baring","mo_cms_municipalities","","plain_text","0"
"Barnard","mo_cms_municipalities","","plain_text","0"
"Barnett","mo_cms_municipalities","","plain_text","0"
"Barnhart","mo_cms_municipalities","","plain_text","0"
"Bates City","mo_cms_municipalities","","plain_text","0"
"Battlefield","mo_cms_municipalities","","plain_text","0"
"Beaufort","mo_cms_municipalities","","plain_text","0"
"Bel-Nor","mo_cms_municipalities","","plain_text","0"
"Bel-Ridge","mo_cms_municipalities","","plain_text","0"
"Belgrade","mo_cms_municipalities","","plain_text","0"
"Bell City","mo_cms_municipalities","","plain_text","0"
"Bella Villa","mo_cms_municipalities","","plain_text","0"
"Belle","mo_cms_municipalities","","plain_text","0"
"Bellefontaine Neighbors","mo_cms_municipalities","","plain_text","0"
"Bellerive","mo_cms_municipalities","","plain_text","0"
"Belleview","mo_cms_municipalities","","plain_text","0"
"Bellflower","mo_cms_municipalities","","plain_text","0"
"Belton","mo_cms_municipalities","","plain_text","0"
"Bendavis","mo_cms_municipalities","","plain_text","0"
"Benton","mo_cms_municipalities","","plain_text","0"
"Berger","mo_cms_municipalities","","plain_text","0"
"Berkeley","mo_cms_municipalities","","plain_text","0"
"Bernie","mo_cms_municipalities","","plain_text","0"
"Bertrand","mo_cms_municipalities","","plain_text","0"
"Bethany","mo_cms_municipalities","","plain_text","0"
"Bethel","mo_cms_municipalities","","plain_text","0"
"Beulah","mo_cms_municipalities","","plain_text","0"
"Beverly Hills","mo_cms_municipalities","","plain_text","0"
"Bevier","mo_cms_municipalities","","plain_text","0"
"Biehle","mo_cms_municipalities","","plain_text","0"
"Big Lake","mo_cms_municipalities","","plain_text","0"
"Bigelow","mo_cms_municipalities","","plain_text","0"
"Billings","mo_cms_municipalities","","plain_text","0"
"Birch Tree","mo_cms_municipalities","","plain_text","0"
"Birmingham","mo_cms_municipalities","","plain_text","0"
"Bismarck","mo_cms_municipalities","","plain_text","0"
"Bixby","mo_cms_municipalities","","plain_text","0"
"Black","mo_cms_municipalities","","plain_text","0"
"Black Jack","mo_cms_municipalities","","plain_text","0"
"Blackburn","mo_cms_municipalities","","plain_text","0"
"Blackwater","mo_cms_municipalities","","plain_text","0"
"Blackwell","mo_cms_municipalities","","plain_text","0"
"Blairstown","mo_cms_municipalities","","plain_text","0"
"Bland","mo_cms_municipalities","","plain_text","0"
"Blodgett","mo_cms_municipalities","","plain_text","0"
"Bloomfield","mo_cms_municipalities","","plain_text","0"
"Bloomsdale","mo_cms_municipalities","","plain_text","0"
"Blue Eye","mo_cms_municipalities","","plain_text","0"
"Blue Springs","mo_cms_municipalities","","plain_text","0"
"Blythedale","mo_cms_municipalities","","plain_text","0"
"Bogard","mo_cms_municipalities","","plain_text","0"
"Bois D ‘Arc","mo_cms_municipalities","","plain_text","0"
"Bolckow","mo_cms_municipalities","","plain_text","0"
"Bolivar","mo_cms_municipalities","","plain_text","0"
"Bonne Terre","mo_cms_municipalities","","plain_text","0"
"Bonnots Mill","mo_cms_municipalities","","plain_text","0"
"Boonville","mo_cms_municipalities","","plain_text","0"
"Boss","mo_cms_municipalities","","plain_text","0"
"Bosworth","mo_cms_municipalities","","plain_text","0"
"Bourbon","mo_cms_municipalities","","plain_text","0"
"Bowling Green","mo_cms_municipalities","","plain_text","0"
"Bradleyville","mo_cms_municipalities","","plain_text","0"
"Bragg City","mo_cms_municipalities","","plain_text","0"
"Braggadocio","mo_cms_municipalities","","plain_text","0"
"Brandsville","mo_cms_municipalities","","plain_text","0"
"Branson","mo_cms_municipalities","","plain_text","0"
"Branson West","mo_cms_municipalities","","plain_text","0"
"Brashear","mo_cms_municipalities","","plain_text","0"
"Braymer","mo_cms_municipalities","","plain_text","0"
"Brazeau","mo_cms_municipalities","","plain_text","0"
"Breckenridge","mo_cms_municipalities","","plain_text","0"
"Breckenridge Hills","mo_cms_municipalities","","plain_text","0"
"Brentwood","mo_cms_municipalities","","plain_text","0"
"Briar","mo_cms_municipalities","","plain_text","0"
"Bridgeton","mo_cms_municipalities","","plain_text","0"
"Brighton","mo_cms_municipalities","","plain_text","0"
"Brimson","mo_cms_municipalities","","plain_text","0"
"Brinktown","mo_cms_municipalities","","plain_text","0"
"Brixey","mo_cms_municipalities","","plain_text","0"
"Bronaugh","mo_cms_municipalities","","plain_text","0"
"Brookfield","mo_cms_municipalities","","plain_text","0"
"Brookline","mo_cms_municipalities","","plain_text","0"
"Brooklyn Heights","mo_cms_municipalities","","plain_text","0"
"Broseley","mo_cms_municipalities","","plain_text","0"
"Browning","mo_cms_municipalities","","plain_text","0"
"Brownington","mo_cms_municipalities","","plain_text","0"
"Brownwood","mo_cms_municipalities","","plain_text","0"
"Brumley","mo_cms_municipalities","","plain_text","0"
"Bruner","mo_cms_municipalities","","plain_text","0"
"Brunswick","mo_cms_municipalities","","plain_text","0"
"Bucklin","mo_cms_municipalities","","plain_text","0"
"Buckner","mo_cms_municipalities","","plain_text","0"
"Bucyrus","mo_cms_municipalities","","plain_text","0"
"Buffalo","mo_cms_municipalities","","plain_text","0"
"Bull Creek","mo_cms_municipalities","","plain_text","0"
"Bunceton","mo_cms_municipalities","","plain_text","0"
"Bunker","mo_cms_municipalities","","plain_text","0"
"Burfordville","mo_cms_municipalities","","plain_text","0"
"Burgess","mo_cms_municipalities","","plain_text","0"
"Burlington Junction","mo_cms_municipalities","","plain_text","0"
"Butler","mo_cms_municipalities","","plain_text","0"
"Butterfield","mo_cms_municipalities","","plain_text","0"
"Byrnes Mill","mo_cms_municipalities","","plain_text","0"
"Cabool","mo_cms_municipalities","","plain_text","0"
"Cadet","mo_cms_municipalities","","plain_text","0"
"Cainsville","mo_cms_municipalities","","plain_text","0"
"Cairo","mo_cms_municipalities","","plain_text","0"
"Caledonia","mo_cms_municipalities","","plain_text","0"
"Calhoun","mo_cms_municipalities","","plain_text","0"
"California","mo_cms_municipalities","","plain_text","0"
"Callao","mo_cms_municipalities","","plain_text","0"
"Calverton Park","mo_cms_municipalities","","plain_text","0"
"Camden","mo_cms_municipalities","","plain_text","0"
"Camden Point","mo_cms_municipalities","","plain_text","0"
"Camdenton","mo_cms_municipalities","","plain_text","0"
"Cameron","mo_cms_municipalities","","plain_text","0"
"Campbell","mo_cms_municipalities","","plain_text","0"
"Canalou","mo_cms_municipalities","","plain_text","0"
"Canton","mo_cms_municipalities","","plain_text","0"
"Cape Fair","mo_cms_municipalities","","plain_text","0"
"Cape Girardeau","mo_cms_municipalities","","plain_text","0"
"Caplinger Mills","mo_cms_municipalities","","plain_text","0"
"Cardwell","mo_cms_municipalities","","plain_text","0"
"Carl Junction","mo_cms_municipalities","","plain_text","0"
"Carrollton","mo_cms_municipalities","","plain_text","0"
"Carterville","mo_cms_municipalities","","plain_text","0"
"Carthage","mo_cms_municipalities","","plain_text","0"
"Caruthersville","mo_cms_municipalities","","plain_text","0"
"Carytown","mo_cms_municipalities","","plain_text","0"
"Cascade","mo_cms_municipalities","","plain_text","0"
"Cassville","mo_cms_municipalities","","plain_text","0"
"Castle Point","mo_cms_municipalities","","plain_text","0"
"Catawissa","mo_cms_municipalities","","plain_text","0"
"Catron","mo_cms_municipalities","","plain_text","0"
"Caulfield","mo_cms_municipalities","","plain_text","0"
"Cave","mo_cms_municipalities","","plain_text","0"
"Cedar Hill","mo_cms_municipalities","","plain_text","0"
"Cedar Hill Lakes","mo_cms_municipalities","","plain_text","0"
"Cedarcreek","mo_cms_municipalities","","plain_text","0"
"Center","mo_cms_municipalities","","plain_text","0"
"Centertown","mo_cms_municipalities","","plain_text","0"
"Centerview","mo_cms_municipalities","","plain_text","0"
"Centerville","mo_cms_municipalities","","plain_text","0"
"Centralia","mo_cms_municipalities","","plain_text","0"
"Chadwick","mo_cms_municipalities","","plain_text","0"
"Chaffee","mo_cms_municipalities","","plain_text","0"
"Chain of Rocks","mo_cms_municipalities","","plain_text","0"
"Chain-O-Lakes","mo_cms_municipalities","","plain_text","0"
"Chamois","mo_cms_municipalities","","plain_text","0"
"Champ","mo_cms_municipalities","","plain_text","0"
"Charlack","mo_cms_municipalities","","plain_text","0"
"Charleston","mo_cms_municipalities","","plain_text","0"
"Cherryville","mo_cms_municipalities","","plain_text","0"
"Chesterfield","mo_cms_municipalities","","plain_text","0"
"Chestnutridge","mo_cms_municipalities","","plain_text","0"
"Chilhowee","mo_cms_municipalities","","plain_text","0"
"Chillicothe","mo_cms_municipalities","","plain_text","0"
"Chula","mo_cms_municipalities","","plain_text","0"
"Circle City","mo_cms_municipalities","","plain_text","0"
"Clarence","mo_cms_municipalities","","plain_text","0"
"Clark","mo_cms_municipalities","","plain_text","0"
"Clarksburg","mo_cms_municipalities","","plain_text","0"
"Clarksdale","mo_cms_municipalities","","plain_text","0"
"Clarkson Valley","mo_cms_municipalities","","plain_text","0"
"Clarksville","mo_cms_municipalities","","plain_text","0"
"Clarkton","mo_cms_municipalities","","plain_text","0"
"Claycomo","mo_cms_municipalities","","plain_text","0"
"Clayton","mo_cms_municipalities","","plain_text","0"
"Clearmont","mo_cms_municipalities","","plain_text","0"
"Cleveland","mo_cms_municipalities","","plain_text","0"
"Clever","mo_cms_municipalities","","plain_text","0"
"Cliff Village","mo_cms_municipalities","","plain_text","0"
"Clifton Hill","mo_cms_municipalities","","plain_text","0"
"Climax Springs","mo_cms_municipalities","","plain_text","0"
"Clinton","mo_cms_municipalities","","plain_text","0"
"Clyde","mo_cms_municipalities","","plain_text","0"
"Coatsville","mo_cms_municipalities","","plain_text","0"
"Cobalt","mo_cms_municipalities","","plain_text","0"
"Coffey","mo_cms_municipalities","","plain_text","0"
"Cole Camp","mo_cms_municipalities","","plain_text","0"
"Collins","mo_cms_municipalities","","plain_text","0"
"Columbia","mo_cms_municipalities","","plain_text","0"
"Commerce","mo_cms_municipalities","","plain_text","0"
"Conception","mo_cms_municipalities","","plain_text","0"
"Conception Junction","mo_cms_municipalities","","plain_text","0"
"Concord","mo_cms_municipalities","","plain_text","0"
"Concordia","mo_cms_municipalities","","plain_text","0"
"Coney Island","mo_cms_municipalities","","plain_text","0"
"Conran","mo_cms_municipalities","","plain_text","0"
"Conway","mo_cms_municipalities","","plain_text","0"
"Cook Station","mo_cms_municipalities","","plain_text","0"
"Cool Valley","mo_cms_municipalities","","plain_text","0"
"Cooter","mo_cms_municipalities","","plain_text","0"
"Corder","mo_cms_municipalities","","plain_text","0"
"Corning","mo_cms_municipalities","","plain_text","0"
"Cosby","mo_cms_municipalities","","plain_text","0"
"Cottleville","mo_cms_municipalities","","plain_text","0"
"Couch","mo_cms_municipalities","","plain_text","0"
"Country Club","mo_cms_municipalities","","plain_text","0"
"Country Club Hills","mo_cms_municipalities","","plain_text","0"
"County Life Acres","mo_cms_municipalities","","plain_text","0"
"Coutois","mo_cms_municipalities","","plain_text","0"
"Cowgill","mo_cms_municipalities","","plain_text","0"
"Craig","mo_cms_municipalities","","plain_text","0"
"Crane","mo_cms_municipalities","","plain_text","0"
"Creighton","mo_cms_municipalities","","plain_text","0"
"Crestwood","mo_cms_municipalities","","plain_text","0"
"Creve Coeur","mo_cms_municipalities","","plain_text","0"
"Crocker","mo_cms_municipalities","","plain_text","0"
"Cross Timbers","mo_cms_municipalities","","plain_text","0"
"Crystal City","mo_cms_municipalities","","plain_text","0"
"Crystal Lake Park","mo_cms_municipalities","","plain_text","0"
"Crystal Lakes","mo_cms_municipalities","","plain_text","0"
"Cuba","mo_cms_municipalities","","plain_text","0"
"Curryville","mo_cms_municipalities","","plain_text","0"
"Dadeville","mo_cms_municipalities","","plain_text","0"
"Daisy","mo_cms_municipalities","","plain_text","0"
"Dalton","mo_cms_municipalities","","plain_text","0"
"Dardenne Prairie","mo_cms_municipalities","","plain_text","0"
"Darlington","mo_cms_municipalities","","plain_text","0"
"Davisville","mo_cms_municipalities","","plain_text","0"
"Dawn","mo_cms_municipalities","","plain_text","0"
"De Kalb","mo_cms_municipalities","","plain_text","0"
"De Soto","mo_cms_municipalities","","plain_text","0"
"De Witt","mo_cms_municipalities","","plain_text","0"
"Dearborn","mo_cms_municipalities","","plain_text","0"
"Deepwater","mo_cms_municipalities","","plain_text","0"
"Deerfield","mo_cms_municipalities","","plain_text","0"
"Deering","mo_cms_municipalities","","plain_text","0"
"Defiance","mo_cms_municipalities","","plain_text","0"
"Dellwood","mo_cms_municipalities","","plain_text","0"
"Delta","mo_cms_municipalities","","plain_text","0"
"Dennis Acres","mo_cms_municipalities","","plain_text","0"
"Denver","mo_cms_municipalities","","plain_text","0"
"Des Arc","mo_cms_municipalities","","plain_text","0"
"Des Peres","mo_cms_municipalities","","plain_text","0"
"Desloge","mo_cms_municipalities","","plain_text","0"
"Devils Elbow","mo_cms_municipalities","","plain_text","0"
"Dexter","mo_cms_municipalities","","plain_text","0"
"Diamond","mo_cms_municipalities","","plain_text","0"
"Diehlstadt","mo_cms_municipalities","","plain_text","0"
"Diggins","mo_cms_municipalities","","plain_text","0"
"Dittmer","mo_cms_municipalities","","plain_text","0"
"Dixon","mo_cms_municipalities","","plain_text","0"
"Doe Run","mo_cms_municipalities","","plain_text","0"
"Doniphan","mo_cms_municipalities","","plain_text","0"
"Doolittle","mo_cms_municipalities","","plain_text","0"
"Dora","mo_cms_municipalities","","plain_text","0"
"Dover","mo_cms_municipalities","","plain_text","0"
"Downing","mo_cms_municipalities","","plain_text","0"
"Drexel","mo_cms_municipalities","","plain_text","0"
"Drury","mo_cms_municipalities","","plain_text","0"
"Dudley","mo_cms_municipalities","","plain_text","0"
"Duenweg","mo_cms_municipalities","","plain_text","0"
"Duke","mo_cms_municipalities","","plain_text","0"
"Dunlap","mo_cms_municipalities","","plain_text","0"
"Dunnegan","mo_cms_municipalities","","plain_text","0"
"Duquesne","mo_cms_municipalities","","plain_text","0"
"Durham","mo_cms_municipalities","","plain_text","0"
"Dutchtown","mo_cms_municipalities","","plain_text","0"
"Dutzow","mo_cms_municipalities","","plain_text","0"
"Eagle Rock","mo_cms_municipalities","","plain_text","0"
"Eagleville","mo_cms_municipalities","","plain_text","0"
"East Fenway","mo_cms_municipalities","","plain_text","0"
"East Lynne","mo_cms_municipalities","","plain_text","0"
"East Prairie","mo_cms_municipalities","","plain_text","0"
"Easton","mo_cms_municipalities","","plain_text","0"
"Edgar Springs","mo_cms_municipalities","","plain_text","0"
"Edgerton","mo_cms_municipalities","","plain_text","0"
"Edina","mo_cms_municipalities","","plain_text","0"
"Edmundson","mo_cms_municipalities","","plain_text","0"
"Edwards","mo_cms_municipalities","","plain_text","0"
"El Dorado Springs","mo_cms_municipalities","","plain_text","0"
"Eldon","mo_cms_municipalities","","plain_text","0"
"Eldridge","mo_cms_municipalities","","plain_text","0"
"Elk Creek","mo_cms_municipalities","","plain_text","0"
"Elkland","mo_cms_municipalities","","plain_text","0"
"Ellington","mo_cms_municipalities","","plain_text","0"
"Ellisville","mo_cms_municipalities","","plain_text","0"
"Ellsinore","mo_cms_municipalities","","plain_text","0"
"Elmer","mo_cms_municipalities","","plain_text","0"
"Elmira","mo_cms_municipalities","","plain_text","0"
"Elmo","mo_cms_municipalities","","plain_text","0"
"Elsberry","mo_cms_municipalities","","plain_text","0"
"Elvins","mo_cms_municipalities","","plain_text","0"
"Emden","mo_cms_municipalities","","plain_text","0"
"Emerald Beach","mo_cms_municipalities","","plain_text","0"
"Eminence","mo_cms_municipalities","","plain_text","0"
"Emma","mo_cms_municipalities","","plain_text","0"
"Eolia","mo_cms_municipalities","","plain_text","0"
"Essex","mo_cms_municipalities","","plain_text","0"
"Esther","mo_cms_municipalities","","plain_text","0"
"Ethel","mo_cms_municipalities","","plain_text","0"
"Etterville","mo_cms_municipalities","","plain_text","0"
"Eugene","mo_cms_municipalities","","plain_text","0"
"Eunice","mo_cms_municipalities","","plain_text","0"
"Eureka","mo_cms_municipalities","","plain_text","0"
"Everton","mo_cms_municipalities","","plain_text","0"
"Ewing","mo_cms_municipalities","","plain_text","0"
"Excello","mo_cms_municipalities","","plain_text","0"
"Excelsior Estates","mo_cms_municipalities","","plain_text","0"
"Excelsior Springs","mo_cms_municipalities","","plain_text","0"
"Exeter","mo_cms_municipalities","","plain_text","0"
"Fair Grove","mo_cms_municipalities","","plain_text","0"
"Fair Play","mo_cms_municipalities","","plain_text","0"
"Fairdealing","mo_cms_municipalities","","plain_text","0"
"Fairfax","mo_cms_municipalities","","plain_text","0"
"Fairview","mo_cms_municipalities","","plain_text","0"
"Falcon","mo_cms_municipalities","","plain_text","0"
"Farber","mo_cms_municipalities","","plain_text","0"
"Farley","mo_cms_municipalities","","plain_text","0"
"Farmington","mo_cms_municipalities","","plain_text","0"
"Farrar","mo_cms_municipalities","","plain_text","0"
"Faucett","mo_cms_municipalities","","plain_text","0"
"Fayette","mo_cms_municipalities","","plain_text","0"
"Fenton","mo_cms_municipalities","","plain_text","0"
"Fenway Landing","mo_cms_municipalities","","plain_text","0"
"Ferguson","mo_cms_municipalities","","plain_text","0"
"Ferrelview","mo_cms_municipalities","","plain_text","0"
"Festus","mo_cms_municipalities","","plain_text","0"
"Fidelity","mo_cms_municipalities","","plain_text","0"
"Fillmore","mo_cms_municipalities","","plain_text","0"
"Fisk","mo_cms_municipalities","","plain_text","0"
"Flat River","mo_cms_municipalities","","plain_text","0"
"Fleming","mo_cms_municipalities","","plain_text","0"
"Flemington","mo_cms_municipalities","","plain_text","0"
"Fletcher","mo_cms_municipalities","","plain_text","0"
"Flint Hill","mo_cms_municipalities","","plain_text","0"
"Flordell Hills","mo_cms_municipalities","","plain_text","0"
"Florence","mo_cms_municipalities","","plain_text","0"
"Florida","mo_cms_municipalities","","plain_text","0"
"Florissant","mo_cms_municipalities","","plain_text","0"
"Foley","mo_cms_municipalities","","plain_text","0"
"Ford City","mo_cms_municipalities","","plain_text","0"
"Fordland","mo_cms_municipalities","","plain_text","0"
"Forest City","mo_cms_municipalities","","plain_text","0"
"Foristell","mo_cms_municipalities","","plain_text","0"
"Forsyth","mo_cms_municipalities","","plain_text","0"
"Fort Leonard Wood","mo_cms_municipalities","","plain_text","0"
"Fortscue","mo_cms_municipalities","","plain_text","0"
"Fortuna","mo_cms_municipalities","","plain_text","0"
"Foster","mo_cms_municipalities","","plain_text","0"
"Four Seasons","mo_cms_municipalities","","plain_text","0"
"Frankford","mo_cms_municipalities","","plain_text","0"
"Franklin","mo_cms_municipalities","","plain_text","0"
"Fredericktown","mo_cms_municipalities","","plain_text","0"
"Freeburg","mo_cms_municipalities","","plain_text","0"
"Freeman","mo_cms_municipalities","","plain_text","0"
"Freistatt","mo_cms_municipalities","","plain_text","0"
"Fremont","mo_cms_municipalities","","plain_text","0"
"Fremont Hills","mo_cms_municipalities","","plain_text","0"
"French Village","mo_cms_municipalities","","plain_text","0"
"Frohna","mo_cms_municipalities","","plain_text","0"
"Frontenac","mo_cms_municipalities","","plain_text","0"
"Fulton","mo_cms_municipalities","","plain_text","0"
"Gainesville","mo_cms_municipalities","","plain_text","0"
"Galena","mo_cms_municipalities","","plain_text","0"
"Gallatin","mo_cms_municipalities","","plain_text","0"
"Galt","mo_cms_municipalities","","plain_text","0"
"Garden City","mo_cms_municipalities","","plain_text","0"
"Garrison","mo_cms_municipalities","","plain_text","0"
"Gasconade","mo_cms_municipalities","","plain_text","0"
"Gatewood","mo_cms_municipalities","","plain_text","0"
"Gentry","mo_cms_municipalities","","plain_text","0"
"Gerald","mo_cms_municipalities","","plain_text","0"
"Gerster","mo_cms_municipalities","","plain_text","0"
"Gibbs","mo_cms_municipalities","","plain_text","0"
"Gibson","mo_cms_municipalities","","plain_text","0"
"Gideon","mo_cms_municipalities","","plain_text","0"
"Gilliam","mo_cms_municipalities","","plain_text","0"
"Gilman City","mo_cms_municipalities","","plain_text","0"
"Ginger Blue","mo_cms_municipalities","","plain_text","0"
"Gipsy","mo_cms_municipalities","","plain_text","0"
"Gladstone","mo_cms_municipalities","","plain_text","0"
"Glasgow","mo_cms_municipalities","","plain_text","0"
"Glen Echo Park","mo_cms_municipalities","","plain_text","0"
"Glenaire","mo_cms_municipalities","","plain_text","0"
"Glenallen","mo_cms_municipalities","","plain_text","0"
"Glencoe","mo_cms_municipalities","","plain_text","0"
"Glendale","mo_cms_municipalities","","plain_text","0"
"Glenwood","mo_cms_municipalities","","plain_text","0"
"Glover","mo_cms_municipalities","","plain_text","0"
"Glsgow Village","mo_cms_municipalities","","plain_text","0"
"Gobler","mo_cms_municipalities","","plain_text","0"
"Golden","mo_cms_municipalities","","plain_text","0"
"Golden City","mo_cms_municipalities","","plain_text","0"
"Goodman","mo_cms_municipalities","","plain_text","0"
"Goodson","mo_cms_municipalities","","plain_text","0"
"Gordonville","mo_cms_municipalities","","plain_text","0"
"Gorin","mo_cms_municipalities","","plain_text","0"
"Gower","mo_cms_municipalities","","plain_text","0"
"Gradin","mo_cms_municipalities","","plain_text","0"
"Graff","mo_cms_municipalities","","plain_text","0"
"Graham","mo_cms_municipalities","","plain_text","0"
"Grain Valley","mo_cms_municipalities","","plain_text","0"
"Granby","mo_cms_municipalities","","plain_text","0"
"Grand Falls Plaza","mo_cms_municipalities","","plain_text","0"
"Grand Pass","mo_cms_municipalities","","plain_text","0"
"Grandview","mo_cms_municipalities","","plain_text","0"
"Granger","mo_cms_municipalities","","plain_text","0"
"Grant City","mo_cms_municipalities","","plain_text","0"
"Grantwood","mo_cms_municipalities","","plain_text","0"
"Grassy","mo_cms_municipalities","","plain_text","0"
"Gravois Mills","mo_cms_municipalities","","plain_text","0"
"Gray Summit","mo_cms_municipalities","","plain_text","0"
"Grayridge","mo_cms_municipalities","","plain_text","0"
"Grayson","mo_cms_municipalities","","plain_text","0"
"Green Castle","mo_cms_municipalities","","plain_text","0"
"Green City","mo_cms_municipalities","","plain_text","0"
"Green Park","mo_cms_municipalities","","plain_text","0"
"Green Ridge","mo_cms_municipalities","","plain_text","0"
"Greendale","mo_cms_municipalities","","plain_text","0"
"Greenfield","mo_cms_municipalities","","plain_text","0"
"Greentop","mo_cms_municipalities","","plain_text","0"
"Greenville","mo_cms_municipalities","","plain_text","0"
"Greenwood","mo_cms_municipalities","","plain_text","0"
"Grover","mo_cms_municipalities","","plain_text","0"
"Grovespring","mo_cms_municipalities","","plain_text","0"
"Grubville","mo_cms_municipalities","","plain_text","0"
"Guilford","mo_cms_municipalities","","plain_text","0"
"Gunn City","mo_cms_municipalities","","plain_text","0"
"Hale","mo_cms_municipalities","","plain_text","0"
"Half Way","mo_cms_municipalities","","plain_text","0"
"Hallsville","mo_cms_municipalities","","plain_text","0"
"Halltown","mo_cms_municipalities","","plain_text","0"
"Hamilton","mo_cms_municipalities","","plain_text","0"
"Hanley Hills","mo_cms_municipalities","","plain_text","0"
"Hannibal","mo_cms_municipalities","","plain_text","0"
"Hardenville","mo_cms_municipalities","","plain_text","0"
"Hardin","mo_cms_municipalities","","plain_text","0"
"Harris","mo_cms_municipalities","","plain_text","0"
"Harrisburg","mo_cms_municipalities","","plain_text","0"
"Harrisonville","mo_cms_municipalities","","plain_text","0"
"Hartsburg","mo_cms_municipalities","","plain_text","0"
"Hartshorn","mo_cms_municipalities","","plain_text","0"
"Hartville","mo_cms_municipalities","","plain_text","0"
"Hartwell","mo_cms_municipalities","","plain_text","0"
"Harviwll","mo_cms_municipalities","","plain_text","0"
"Harwood","mo_cms_municipalities","","plain_text","0"
"Hawk Point","mo_cms_municipalities","","plain_text","0"
"Hayti","mo_cms_municipalities","","plain_text","0"
"Hayti Heights","mo_cms_municipalities","","plain_text","0"
"Hayward","mo_cms_municipalities","","plain_text","0"
"Haywood City","mo_cms_municipalities","","plain_text","0"
"Hazelwood","mo_cms_municipalities","","plain_text","0"
"Helena","mo_cms_municipalities","","plain_text","0"
"Hematite","mo_cms_municipalities","","plain_text","0"
"Henley","mo_cms_municipalities","","plain_text","0"
"Henrietta","mo_cms_municipalities","","plain_text","0"
"Herculaneum","mo_cms_municipalities","","plain_text","0"
"Hermann","mo_cms_municipalities","","plain_text","0"
"Hermitage","mo_cms_municipalities","","plain_text","0"
"Higbee","mo_cms_municipalities","","plain_text","0"
"Higginsville","mo_cms_municipalities","","plain_text","0"
"High Hill","mo_cms_municipalities","","plain_text","0"
"High Ridge","mo_cms_municipalities","","plain_text","0"
"Highlandville","mo_cms_municipalities","","plain_text","0"
"Highley Heights","mo_cms_municipalities","","plain_text","0"
"Hillsboro","mo_cms_municipalities","","plain_text","0"
"Hillsdale","mo_cms_municipalities","","plain_text","0"
"Hiram","mo_cms_municipalities","","plain_text","0"
"Hoberg","mo_cms_municipalities","","plain_text","0"
"Holcomb","mo_cms_municipalities","","plain_text","0"
"Holden","mo_cms_municipalities","","plain_text","0"
"Holland","mo_cms_municipalities","","plain_text","0"
"Holliday","mo_cms_municipalities","","plain_text","0"
"Hollister","mo_cms_municipalities","","plain_text","0"
"Holt","mo_cms_municipalities","","plain_text","0"
"Holts Summit","mo_cms_municipalities","","plain_text","0"
"Homestead","mo_cms_municipalities","","plain_text","0"
"Homestown","mo_cms_municipalities","","plain_text","0"
"Hopkins","mo_cms_municipalities","","plain_text","0"
"Horine","mo_cms_municipalities","","plain_text","0"
"Hornersville","mo_cms_municipalities","","plain_text","0"
"Horton","mo_cms_municipalities","","plain_text","0"
"House Springs","mo_cms_municipalities","","plain_text","0"
"Houston","mo_cms_municipalities","","plain_text","0"
"Houston Lake","mo_cms_municipalities","","plain_text","0"
"Houstonia","mo_cms_municipalities","","plain_text","0"
"Howardville","mo_cms_municipalities","","plain_text","0"
"Huggins","mo_cms_municipalities","","plain_text","0"
"Hughesville","mo_cms_municipalities","","plain_text","0"
"Humansville","mo_cms_municipalities","","plain_text","0"
"Hume","mo_cms_municipalities","","plain_text","0"
"Humphreys","mo_cms_municipalities","","plain_text","0"
"Hunnewell","mo_cms_municipalities","","plain_text","0"
"Huntleigh","mo_cms_municipalities","","plain_text","0"
"Huntsdale","mo_cms_municipalities","","plain_text","0"
"Huntsville","mo_cms_municipalities","","plain_text","0"
"Hurdland","mo_cms_municipalities","","plain_text","0"
"Hurley","mo_cms_municipalities","","plain_text","0"
"Iantan","mo_cms_municipalities","","plain_text","0"
"Iberia","mo_cms_municipalities","","plain_text","0"
"Illmo","mo_cms_municipalities","","plain_text","0"
"Imperial","mo_cms_municipalities","","plain_text","0"
"Independence","mo_cms_municipalities","","plain_text","0"
"Indian Point","mo_cms_municipalities","","plain_text","0"
"Innsbrook","mo_cms_municipalities","","plain_text","0"
"Ionia","mo_cms_municipalities","","plain_text","0"
"Iron Gates","mo_cms_municipalities","","plain_text","0"
"Iron Mountain","mo_cms_municipalities","","plain_text","0"
"Irondale","mo_cms_municipalities","","plain_text","0"
"Ironton","mo_cms_municipalities","","plain_text","0"
"Isabella","mo_cms_municipalities","","plain_text","0"
"Jackson","mo_cms_municipalities","","plain_text","0"
"Jacksonville","mo_cms_municipalities","","plain_text","0"
"Jadwin","mo_cms_municipalities","","plain_text","0"
"Jameson","mo_cms_municipalities","","plain_text","0"
"Jamesport","mo_cms_municipalities","","plain_text","0"
"Jamestown","mo_cms_municipalities","","plain_text","0"
"Jasper","mo_cms_municipalities","","plain_text","0"
"Jefferson City","mo_cms_municipalities","","plain_text","0"
"Jennings","mo_cms_municipalities","","plain_text","0"
"Jerico Springs","mo_cms_municipalities","","plain_text","0"
"Jerome","mo_cms_municipalities","","plain_text","0"
"Jonesburg","mo_cms_municipalities","","plain_text","0"
"Joplin","mo_cms_municipalities","","plain_text","0"
"Josephville","mo_cms_municipalities","","plain_text","0"
"Junction City","mo_cms_municipalities","","plain_text","0"
"Kahoka","mo_cms_municipalities","","plain_text","0"
"Kaiser","mo_cms_municipalities","","plain_text","0"
"Kansas City","mo_cms_municipalities","","plain_text","0"
"Kearney","mo_cms_municipalities","","plain_text","0"
"Kelso","mo_cms_municipalities","","plain_text","0"
"Kennett","mo_cms_municipalities","","plain_text","0"
"Kewanee","mo_cms_municipalities","","plain_text","0"
"Keytesville","mo_cms_municipalities","","plain_text","0"
"Kidder","mo_cms_municipalities","","plain_text","0"
"Kimberling City","mo_cms_municipalities","","plain_text","0"
"Kimmswick","mo_cms_municipalities","","plain_text","0"
"King City","mo_cms_municipalities","","plain_text","0"
"Kingdom City","mo_cms_municipalities","","plain_text","0"
"Kingston","mo_cms_municipalities","","plain_text","0"
"Kingsville","mo_cms_municipalities","","plain_text","0"
"Kinloch","mo_cms_municipalities","","plain_text","0"
"Kirbyville","mo_cms_municipalities","","plain_text","0"
"Kirksville","mo_cms_municipalities","","plain_text","0"
"Kirkwood","mo_cms_municipalities","","plain_text","0"
"Kissee Mills","mo_cms_municipalities","","plain_text","0"
"Knob Lick","mo_cms_municipalities","","plain_text","0"
"Knob Noster","mo_cms_municipalities","","plain_text","0"
"Knox City","mo_cms_municipalities","","plain_text","0"
"Koeltztown","mo_cms_municipalities","","plain_text","0"
"Koshkonong","mo_cms_municipalities","","plain_text","0"
"La Belle","mo_cms_municipalities","","plain_text","0"
"La Due","mo_cms_municipalities","","plain_text","0"
"La Grange","mo_cms_municipalities","","plain_text","0"
"La Monte","mo_cms_municipalities","","plain_text","0"
"La Russell","mo_cms_municipalities","","plain_text","0"
"Labadie","mo_cms_municipalities","","plain_text","0"
"Laclede","mo_cms_municipalities","","plain_text","0"
"Laddonia","mo_cms_municipalities","","plain_text","0"
"Ladue","mo_cms_municipalities","","plain_text","0"
"Lake Annette","mo_cms_municipalities","","plain_text","0"
"Lake Lafayette","mo_cms_municipalities","","plain_text","0"
"Lake Lotawana","mo_cms_municipalities","","plain_text","0"
"Lake Mykee","mo_cms_municipalities","","plain_text","0"
"Lake Ozark","mo_cms_municipalities","","plain_text","0"
"Lake Sherwood","mo_cms_municipalities","","plain_text","0"
"Lake Spring","mo_cms_municipalities","","plain_text","0"
"Lake St. Louis","mo_cms_municipalities","","plain_text","0"
"Lake Tapawingo","mo_cms_municipalities","","plain_text","0"
"Lake Waukomis","mo_cms_municipalities","","plain_text","0"
"Lake Winnebago","mo_cms_municipalities","","plain_text","0"
"Lakeland","mo_cms_municipalities","","plain_text","0"
"Lakeshire","mo_cms_municipalities","","plain_text","0"
"Lakeside","mo_cms_municipalities","","plain_text","0"
"Lakeview","mo_cms_municipalities","","plain_text","0"
"Lakeview Heights","mo_cms_municipalities","","plain_text","0"
"Lamar","mo_cms_municipalities","","plain_text","0"
"Lamar Heights","mo_cms_municipalities","","plain_text","0"
"Lambert","mo_cms_municipalities","","plain_text","0"
"Lampe","mo_cms_municipalities","","plain_text","0"
"Lanagan","mo_cms_municipalities","","plain_text","0"
"Lancaster","mo_cms_municipalities","","plain_text","0"
"LaPlata","mo_cms_municipalities","","plain_text","0"
"Laquey","mo_cms_municipalities","","plain_text","0"
"Laredo","mo_cms_municipalities","","plain_text","0"
"Latham","mo_cms_municipalities","","plain_text","0"
"Lathrop","mo_cms_municipalities","","plain_text","0"
"LaTour","mo_cms_municipalities","","plain_text","0"
"Laurie","mo_cms_municipalities","","plain_text","0"
"Lawson","mo_cms_municipalities","","plain_text","0"
"Leadington","mo_cms_municipalities","","plain_text","0"
"Leadwood","mo_cms_municipalities","","plain_text","0"
"Leasburg","mo_cms_municipalities","","plain_text","0"
"Leawood","mo_cms_municipalities","","plain_text","0"
"Lebanon","mo_cms_municipalities","","plain_text","0"
"Lecoma","mo_cms_municipalities","","plain_text","0"
"Leeton","mo_cms_municipalities","","plain_text","0"
"Lee’s Summit","mo_cms_municipalities","","plain_text","0"
"Lemay","mo_cms_municipalities","","plain_text","0"
"Lenox","mo_cms_municipalities","","plain_text","0"
"Lentner","mo_cms_municipalities","","plain_text","0"
"Leonard","mo_cms_municipalities","","plain_text","0"
"Leopold","mo_cms_municipalities","","plain_text","0"
"Leslie","mo_cms_municipalities","","plain_text","0"
"Lesterville","mo_cms_municipalities","","plain_text","0"
"Levasy","mo_cms_municipalities","","plain_text","0"
"Lewis and Clark","mo_cms_municipalities","","plain_text","0"
"Lewistown","mo_cms_municipalities","","plain_text","0"
"Lexington","mo_cms_municipalities","","plain_text","0"
"Liberal","mo_cms_municipalities","","plain_text","0"
"Liberty","mo_cms_municipalities","","plain_text","0"
"Licking","mo_cms_municipalities","","plain_text","0"
"Liguori","mo_cms_municipalities","","plain_text","0"
"Lilbourn","mo_cms_municipalities","","plain_text","0"
"Lincoln","mo_cms_municipalities","","plain_text","0"
"Linn","mo_cms_municipalities","","plain_text","0"
"Linn Creek","mo_cms_municipalities","","plain_text","0"
"Linneus","mo_cms_municipalities","","plain_text","0"
"Lithium","mo_cms_municipalities","","plain_text","0"
"Livonia","mo_cms_municipalities","","plain_text","0"
"Lock Springs","mo_cms_municipalities","","plain_text","0"
"Lockwood","mo_cms_municipalities","","plain_text","0"
"Lodi","mo_cms_municipalities","","plain_text","0"
"Lohman","mo_cms_municipalities","","plain_text","0"
"Loma Linda","mo_cms_municipalities","","plain_text","0"
"Lone Jack","mo_cms_municipalities","","plain_text","0"
"Lonedell","mo_cms_municipalities","","plain_text","0"
"Long Lane","mo_cms_municipalities","","plain_text","0"
"Longtown","mo_cms_municipalities","","plain_text","0"
"Loose Creek","mo_cms_municipalities","","plain_text","0"
"Louisburg","mo_cms_municipalities","","plain_text","0"
"Louisiana","mo_cms_municipalities","","plain_text","0"
"Lowndes","mo_cms_municipalities","","plain_text","0"
"Lowry City","mo_cms_municipalities","","plain_text","0"
"Lucerne","mo_cms_municipalities","","plain_text","0"
"Ludlow","mo_cms_municipalities","","plain_text","0"
"Luebbering","mo_cms_municipalities","","plain_text","0"
"Lupus","mo_cms_municipalities","","plain_text","0"
"Luray","mo_cms_municipalities","","plain_text","0"
"Lutesville","mo_cms_municipalities","","plain_text","0"
"Lynchburg","mo_cms_municipalities","","plain_text","0"
"MacKenzie","mo_cms_municipalities","","plain_text","0"
"Macks Creek","mo_cms_municipalities","","plain_text","0"
"Macomb","mo_cms_municipalities","","plain_text","0"
"Macon","mo_cms_municipalities","","plain_text","0"
"Madison","mo_cms_municipalities","","plain_text","0"
"Maitland","mo_cms_municipalities","","plain_text","0"
"Malden","mo_cms_municipalities","","plain_text","0"
"Malta Bend","mo_cms_municipalities","","plain_text","0"
"Manchester","mo_cms_municipalities","","plain_text","0"
"Mansfield","mo_cms_municipalities","","plain_text","0"
"Mapaville","mo_cms_municipalities","","plain_text","0"
"Maplewood","mo_cms_municipalities","","plain_text","0"
"Maquand","mo_cms_municipalities","","plain_text","0"
"Marble Hill","mo_cms_municipalities","","plain_text","0"
"Marceline","mo_cms_municipalities","","plain_text","0"
"Marionville","mo_cms_municipalities","","plain_text","0"
"Marlborough","mo_cms_municipalities","","plain_text","0"
"Marshall","mo_cms_municipalities","","plain_text","0"
"Marshfield","mo_cms_municipalities","","plain_text","0"
"Marston","mo_cms_municipalities","","plain_text","0"
"Marthasville","mo_cms_municipalities","","plain_text","0"
"Martinsburg","mo_cms_municipalities","","plain_text","0"
"Martinsville","mo_cms_municipalities","","plain_text","0"
"Maryland Heights","mo_cms_municipalities","","plain_text","0"
"Maryville","mo_cms_municipalities","","plain_text","0"
"Matthews","mo_cms_municipalities","","plain_text","0"
"Maysville","mo_cms_municipalities","","plain_text","0"
"Mayview","mo_cms_municipalities","","plain_text","0"
"Maywood","mo_cms_municipalities","","plain_text","0"
"McClurg","mo_cms_municipalities","","plain_text","0"
"McCord Bend","mo_cms_municipalities","","plain_text","0"
"McFall","mo_cms_municipalities","","plain_text","0"
"McGee","mo_cms_municipalities","","plain_text","0"
"McGirk","mo_cms_municipalities","","plain_text","0"
"McKittrick","mo_cms_municipalities","","plain_text","0"
"Meadville","mo_cms_municipalities","","plain_text","0"
"Mehlville","mo_cms_municipalities","","plain_text","0"
"Memphis","mo_cms_municipalities","","plain_text","0"
"Mendon","mo_cms_municipalities","","plain_text","0"
"Menfro","mo_cms_municipalities","","plain_text","0"
"Mercer","mo_cms_municipalities","","plain_text","0"
"Merriam Woods","mo_cms_municipalities","","plain_text","0"
"Merwin","mo_cms_municipalities","","plain_text","0"
"Meta","mo_cms_municipalities","","plain_text","0"
"Metz","mo_cms_municipalities","","plain_text","0"
"Mexico","mo_cms_municipalities","","plain_text","0"
"Miami","mo_cms_municipalities","","plain_text","0"
"Middle Brook","mo_cms_municipalities","","plain_text","0"
"Middletown","mo_cms_municipalities","","plain_text","0"
"Milan","mo_cms_municipalities","","plain_text","0"
"Milford","mo_cms_municipalities","","plain_text","0"
"Mill Spring","mo_cms_municipalities","","plain_text","0"
"Millard","mo_cms_municipalities","","plain_text","0"
"Miller","mo_cms_municipalities","","plain_text","0"
"Millersburg","mo_cms_municipalities","<p>Millersburg</p>\r\n","full_html","0"
"Millersville","mo_cms_municipalities","","plain_text","0"
"Milo","mo_cms_municipalities","","plain_text","0"
"Mindenmines","mo_cms_municipalities","","plain_text","0"
"Miner","mo_cms_municipalities","","plain_text","0"
"Mineral Point","mo_cms_municipalities","","plain_text","0"
"Miramiquoa Park","mo_cms_municipalities","","plain_text","0"
"Missouri City","mo_cms_municipalities","","plain_text","0"
"Moberly","mo_cms_municipalities","","plain_text","0"
"Mokane","mo_cms_municipalities","","plain_text","0"
"Moline Acres","mo_cms_municipalities","","plain_text","0"
"Monett","mo_cms_municipalities","","plain_text","0"
"Monroe City","mo_cms_municipalities","","plain_text","0"
"Montevallo","mo_cms_municipalities","","plain_text","0"
"Montgomery City","mo_cms_municipalities","","plain_text","0"
"Monticello","mo_cms_municipalities","","plain_text","0"
"Montier","mo_cms_municipalities","","plain_text","0"
"Montreal","mo_cms_municipalities","","plain_text","0"
"Montrose","mo_cms_municipalities","","plain_text","0"
"Moody","mo_cms_municipalities","","plain_text","0"
"Mooresville","mo_cms_municipalities","","plain_text","0"
"Mora","mo_cms_municipalities","","plain_text","0"
"Morehouse","mo_cms_municipalities","","plain_text","0"
"Morley","mo_cms_municipalities","","plain_text","0"
"Morrison","mo_cms_municipalities","","plain_text","0"
"Morrisville","mo_cms_municipalities","","plain_text","0"
"Morse Mill","mo_cms_municipalities","","plain_text","0"
"Mosby","mo_cms_municipalities","","plain_text","0"
"Moscow Mills","mo_cms_municipalities","","plain_text","0"
"Mound City","mo_cms_municipalities","","plain_text","0"
"Moundville","mo_cms_municipalities","","plain_text","0"
"Mount Leonard","mo_cms_municipalities","","plain_text","0"
"Mount Moriah","mo_cms_municipalities","","plain_text","0"
"Mount Vernon","mo_cms_municipalities","","plain_text","0"
"Mountain Grove","mo_cms_municipalities","","plain_text","0"
"Mountain View","mo_cms_municipalities","","plain_text","0"
"Murphy","mo_cms_municipalities","","plain_text","0"
"Myrtle","mo_cms_municipalities","","plain_text","0"
"Napoleon","mo_cms_municipalities","","plain_text","0"
"Naylor","mo_cms_municipalities","","plain_text","0"
"Neck City","mo_cms_municipalities","","plain_text","0"
"Neelyville","mo_cms_municipalities","","plain_text","0"
"Nelson","mo_cms_municipalities","","plain_text","0"
"Neosho","mo_cms_municipalities","","plain_text","0"
"Nevada","mo_cms_municipalities","","plain_text","0"
"New Bloomfield","mo_cms_municipalities","","plain_text","0"
"New Boston","mo_cms_municipalities","","plain_text","0"
"New Cambria","mo_cms_municipalities","","plain_text","0"
"New Florence","mo_cms_municipalities","","plain_text","0"
"New Franklin","mo_cms_municipalities","","plain_text","0"
"New Hampton","mo_cms_municipalities","","plain_text","0"
"New Hartford","mo_cms_municipalities","","plain_text","0"
"New Haven","mo_cms_municipalities","","plain_text","0"
"New London","mo_cms_municipalities","","plain_text","0"
"New Madrid","mo_cms_municipalities","","plain_text","0"
"New Melle","mo_cms_municipalities","","plain_text","0"
"New Offenburg","mo_cms_municipalities","","plain_text","0"
"New Wells","mo_cms_municipalities","","plain_text","0"
"Newark","mo_cms_municipalities","","plain_text","0"
"Newburg","mo_cms_municipalities","","plain_text","0"
"Newtonia","mo_cms_municipalities","","plain_text","0"
"Newtown","mo_cms_municipalities","","plain_text","0"
"Niangua","mo_cms_municipalities","","plain_text","0"
"Nixa","mo_cms_municipalities","","plain_text","0"
"Noble","mo_cms_municipalities","","plain_text","0"
"Noel","mo_cms_municipalities","","plain_text","0"
"Norborne","mo_cms_municipalities","","plain_text","0"
"Normandy","mo_cms_municipalities","","plain_text","0"
"North Kansas City","mo_cms_municipalities","","plain_text","0"
"North Lilbourn","mo_cms_municipalities","","plain_text","0"
"North Wardell","mo_cms_municipalities","","plain_text","0"
"Northmoor","mo_cms_municipalities","","plain_text","0"
"Northwoods","mo_cms_municipalities","","plain_text","0"
"Northwye","mo_cms_municipalities","","plain_text","0"
"Norwood","mo_cms_municipalities","","plain_text","0"
"Norwood Court","mo_cms_municipalities","","plain_text","0"
"Nottinghill","mo_cms_municipalities","","plain_text","0"
"Novelty","mo_cms_municipalities","","plain_text","0"
"Novinger","mo_cms_municipalities","","plain_text","0"
"O'Fallon","mo_cms_municipalities","","plain_text","0"
"Oak Grove","mo_cms_municipalities","","plain_text","0"
"Oak Grove Village","mo_cms_municipalities","","plain_text","0"
"Oak Ridge","mo_cms_municipalities","","plain_text","0"
"Oakland","mo_cms_municipalities","","plain_text","0"
"Oakland Park","mo_cms_municipalities","","plain_text","0"
"Oaks","mo_cms_municipalities","","plain_text","0"
"Oakview","mo_cms_municipalities","","plain_text","0"
"Oakville","mo_cms_municipalities","","plain_text","0"
"Oakwood","mo_cms_municipalities","","plain_text","0"
"Oakwood Park","mo_cms_municipalities","","plain_text","0"
"Odessa","mo_cms_municipalities","","plain_text","0"
"Old Appleton","mo_cms_municipalities","","plain_text","0"
"Old Monroe","mo_cms_municipalities","","plain_text","0"
"Oldfield","mo_cms_municipalities","","plain_text","0"
"Olean","mo_cms_municipalities","","plain_text","0"
"Olivette","mo_cms_municipalities","","plain_text","0"
"Olney","mo_cms_municipalities","","plain_text","0"
"Olympian Village","mo_cms_municipalities","","plain_text","0"
"Oran","mo_cms_municipalities","","plain_text","0"
"Oregon","mo_cms_municipalities","","plain_text","0"
"Oronogo","mo_cms_municipalities","","plain_text","0"
"Orrick","mo_cms_municipalities","","plain_text","0"
"Osage Beach","mo_cms_municipalities","","plain_text","0"
"Osage City","mo_cms_municipalities","<p>Osage City</p>\r\n","full_html","0"
"Osborn","mo_cms_municipalities","","plain_text","0"
"Osceola","mo_cms_municipalities","","plain_text","0"
"Osgood","mo_cms_municipalities","","plain_text","0"
"Otterville","mo_cms_municipalities","","plain_text","0"
"Overland","mo_cms_municipalities","","plain_text","0"
"Owensville","mo_cms_municipalities","","plain_text","0"
"Oxly","mo_cms_municipalities","","plain_text","0"
"Ozark","mo_cms_municipalities","","plain_text","0"
"Pacific","mo_cms_municipalities","","plain_text","0"
"Pacola","mo_cms_municipalities","","plain_text","0"
"Pagedale","mo_cms_municipalities","","plain_text","0"
"Painton","mo_cms_municipalities","","plain_text","0"
"Palmyra","mo_cms_municipalities","","plain_text","0"
"Paris","mo_cms_municipalities","","plain_text","0"
"Park Hills","mo_cms_municipalities","","plain_text","0"
"Parkdale","mo_cms_municipalities","","plain_text","0"
"Parkville","mo_cms_municipalities","","plain_text","0"
"Parkway","mo_cms_municipalities","","plain_text","0"
"Parma","mo_cms_municipalities","","plain_text","0"
"Parnell","mo_cms_municipalities","","plain_text","0"
"Pasadena Hills","mo_cms_municipalities","","plain_text","0"
"Pasadena Park","mo_cms_municipalities","","plain_text","0"
"Passaic","mo_cms_municipalities","","plain_text","0"
"Patterson","mo_cms_municipalities","","plain_text","0"
"Patton","mo_cms_municipalities","","plain_text","0"
"Pattonsburg","mo_cms_municipalities","","plain_text","0"
"Paynesville","mo_cms_municipalities","","plain_text","0"
"Peace Valley","mo_cms_municipalities","","plain_text","0"
"Peculiar","mo_cms_municipalities","","plain_text","0"
"Peerless Park","mo_cms_municipalities","","plain_text","0"
"Penermon","mo_cms_municipalities","","plain_text","0"
"Perkins","mo_cms_municipalities","","plain_text","0"
"Perry","mo_cms_municipalities","","plain_text","0"
"Perryville","mo_cms_municipalities","","plain_text","0"
"Pevely","mo_cms_municipalities","","plain_text","0"
"Phelps City","mo_cms_municipalities","","plain_text","0"
"Philadelphia","mo_cms_municipalities","","plain_text","0"
"Phillipsburg","mo_cms_municipalities","","plain_text","0"
"Pickering","mo_cms_municipalities","","plain_text","0"
"Piedmont","mo_cms_municipalities","","plain_text","0"
"Pierce City","mo_cms_municipalities","","plain_text","0"
"Pilot Grove","mo_cms_municipalities","","plain_text","0"
"Pilot Knob","mo_cms_municipalities","","plain_text","0"
"Pine Lawn","mo_cms_municipalities","","plain_text","0"
"Pineville","mo_cms_municipalities","","plain_text","0"
"Pinhook","mo_cms_municipalities","","plain_text","0"
"Pittsburg","mo_cms_municipalities","","plain_text","0"
"Plato","mo_cms_municipalities","","plain_text","0"
"Platte City","mo_cms_municipalities","","plain_text","0"
"Platte Woods","mo_cms_municipalities","","plain_text","0"
"Plattsburg","mo_cms_municipalities","","plain_text","0"
"Pleasant Hill","mo_cms_municipalities","","plain_text","0"
"Pleasant Hope","mo_cms_municipalities","","plain_text","0"
"Pleasant Valley","mo_cms_municipalities","","plain_text","0"
"Plevna","mo_cms_municipalities","","plain_text","0"
"Pocahontas","mo_cms_municipalities","","plain_text","0"
"Point Lookout","mo_cms_municipalities","","plain_text","0"
"Pollock","mo_cms_municipalities","","plain_text","0"
"Polo","mo_cms_municipalities","","plain_text","0"
"Pomona","mo_cms_municipalities","","plain_text","0"
"Ponce DeLeon","mo_cms_municipalities","","plain_text","0"
"Pontiac","mo_cms_municipalities","","plain_text","0"
"Poplar Bluff","mo_cms_municipalities","","plain_text","0"
"Portage Des Sioux","mo_cms_municipalities","","plain_text","0"
"Portageville","mo_cms_municipalities","","plain_text","0"
"Portland","mo_cms_municipalities","","plain_text","0"
"Potosi","mo_cms_municipalities","","plain_text","0"
"Pottersville","mo_cms_municipalities","","plain_text","0"
"Powell","mo_cms_municipalities","","plain_text","0"
"Powersite","mo_cms_municipalities","","plain_text","0"
"Powersville","mo_cms_municipalities","","plain_text","0"
"Prairie Home","mo_cms_municipalities","","plain_text","0"
"Prathersville","mo_cms_municipalities","","plain_text","0"
"Preston","mo_cms_municipalities","","plain_text","0"
"Princeton","mo_cms_municipalities","","plain_text","0"
"Protem","mo_cms_municipalities","","plain_text","0"
"Purcell","mo_cms_municipalities","","plain_text","0"
"Purdin","mo_cms_municipalities","","plain_text","0"
"Purdy","mo_cms_municipalities","","plain_text","0"
"Puxico","mo_cms_municipalities","","plain_text","0"
"Queen City","mo_cms_municipalities","","plain_text","0"
"Quincy","mo_cms_municipalities","","plain_text","0"
"Quitman","mo_cms_municipalities","","plain_text","0"
"Qulin","mo_cms_municipalities","","plain_text","0"
"Racine","mo_cms_municipalities","","plain_text","0"
"Randolph","mo_cms_municipalities","","plain_text","0"
"Ravenwood","mo_cms_municipalities","","plain_text","0"
"Raymondville","mo_cms_municipalities","","plain_text","0"
"Raymore","mo_cms_municipalities","","plain_text","0"
"Raytown","mo_cms_municipalities","","plain_text","0"
"Rayville","mo_cms_municipalities","","plain_text","0"
"Rea","mo_cms_municipalities","","plain_text","0"
"Redford","mo_cms_municipalities","","plain_text","0"
"Redings Mill","mo_cms_municipalities","","plain_text","0"
"Reeds","mo_cms_municipalities","","plain_text","0"
"Reeds Spring","mo_cms_municipalities","","plain_text","0"
"Renick","mo_cms_municipalities","","plain_text","0"
"Rensselear","mo_cms_municipalities","","plain_text","0"
"Republic","mo_cms_municipalities","","plain_text","0"
"Revere","mo_cms_municipalities","","plain_text","0"
"Reynolds","mo_cms_municipalities","","plain_text","0"
"Rhineland","mo_cms_municipalities","","plain_text","0"
"Rich Hill","mo_cms_municipalities","","plain_text","0"
"Rich Woods","mo_cms_municipalities","","plain_text","0"
"Richards","mo_cms_municipalities","","plain_text","0"
"Richland","mo_cms_municipalities","","plain_text","0"
"Richmond","mo_cms_municipalities","","plain_text","0"
"Richmond Heights","mo_cms_municipalities","","plain_text","0"
"Ridgedale","mo_cms_municipalities","","plain_text","0"
"Ridgely","mo_cms_municipalities","","plain_text","0"
"Ridgeway","mo_cms_municipalities","","plain_text","0"
"Risco","mo_cms_municipalities","","plain_text","0"
"Ritchey","mo_cms_municipalities","","plain_text","0"
"River Bend","mo_cms_municipalities","","plain_text","0"
"Rivermines","mo_cms_municipalities","","plain_text","0"
"Riverside","mo_cms_municipalities","","plain_text","0"
"Riverview","mo_cms_municipalities","","plain_text","0"
"Rives","mo_cms_municipalities","","plain_text","0"
"Roach","mo_cms_municipalities","","plain_text","0"
"Robertsville","mo_cms_municipalities","","plain_text","0"
"Roby","mo_cms_municipalities","","plain_text","0"
"Rocheport","mo_cms_municipalities","","plain_text","0"
"Rock Hill","mo_cms_municipalities","","plain_text","0"
"Rock Port","mo_cms_municipalities","","plain_text","0"
"Rockaway Beach","mo_cms_municipalities","","plain_text","0"
"Rockbridge","mo_cms_municipalities","","plain_text","0"
"Rockville","mo_cms_municipalities","","plain_text","0"
"Rocky Comfort","mo_cms_municipalities","","plain_text","0"
"Rocky Mount","mo_cms_municipalities","","plain_text","0"
"Rocky Ridge","mo_cms_municipalities","","plain_text","0"
"Rogersville","mo_cms_municipalities","","plain_text","0"
"Rolla","mo_cms_municipalities","","plain_text","0"
"Rombauer","mo_cms_municipalities","","plain_text","0"
"Roscoe","mo_cms_municipalities","","plain_text","0"
"Rosebud","mo_cms_municipalities","","plain_text","0"
"Rosendale","mo_cms_municipalities","","plain_text","0"
"Rothville","mo_cms_municipalities","","plain_text","0"
"Rueter","mo_cms_municipalities","","plain_text","0"
"Rush Hill","mo_cms_municipalities","","plain_text","0"
"Rushville","mo_cms_municipalities","","plain_text","0"
"Russellville","mo_cms_municipalities","","plain_text","0"
"Rutledge","mo_cms_municipalities","","plain_text","0"
"Saginaw","mo_cms_municipalities","","plain_text","0"
"Salem","mo_cms_municipalities","","plain_text","0"
"Salisbury","mo_cms_municipalities","","plain_text","0"
"Santa Fe","mo_cms_municipalities","","plain_text","0"
"Sappington","mo_cms_municipalities","","plain_text","0"
"Sarcoxie","mo_cms_municipalities","","plain_text","0"
"Savannah","mo_cms_municipalities","","plain_text","0"
"Saverton","mo_cms_municipalities","","plain_text","0"
"Schell City","mo_cms_municipalities","","plain_text","0"
"Scotsdale","mo_cms_municipalities","","plain_text","0"
"Scott City","mo_cms_municipalities","","plain_text","0"
"Sedalia","mo_cms_municipalities","","plain_text","0"
"Sedgewickville","mo_cms_municipalities","","plain_text","0"
"Seligman","mo_cms_municipalities","","plain_text","0"
"Senath","mo_cms_municipalities","","plain_text","0"
"Seneca","mo_cms_municipalities","","plain_text","0"
"Seymor","mo_cms_municipalities","","plain_text","0"
"Shelbina","mo_cms_municipalities","","plain_text","0"
"Shelbyville","mo_cms_municipalities","","plain_text","0"
"Sheldon","mo_cms_municipalities","","plain_text","0"
"Shell Knob","mo_cms_municipalities","","plain_text","0"
"Sheridan","mo_cms_municipalities","","plain_text","0"
"Shoal Creek Drive","mo_cms_municipalities","","plain_text","0"
"Shoal Creek Estates","mo_cms_municipalities","","plain_text","0"
"Shook","mo_cms_municipalities","","plain_text","0"
"Shrewsbury","mo_cms_municipalities","","plain_text","0"
"Sibley","mo_cms_municipalities","","plain_text","0"
"Sikeston","mo_cms_municipalities","","plain_text","0"
"Silex","mo_cms_municipalities","","plain_text","0"
"Silva","mo_cms_municipalities","","plain_text","0"
"Silver Creek","mo_cms_municipalities","","plain_text","0"
"Skidmore","mo_cms_municipalities","","plain_text","0"
"Slater","mo_cms_municipalities","","plain_text","0"
"Smithton","mo_cms_municipalities","","plain_text","0"
"Smithville","mo_cms_municipalities","","plain_text","0"
"Solo","mo_cms_municipalities","","plain_text","0"
"Souder","mo_cms_municipalities","","plain_text","0"
"South Gifford","mo_cms_municipalities","","plain_text","0"
"South Gorin","mo_cms_municipalities","","plain_text","0"
"South Greenfield","mo_cms_municipalities","","plain_text","0"
"South Lineville","mo_cms_municipalities","","plain_text","0"
"South West City","mo_cms_municipalities","","plain_text","0"
"Spanish Lake","mo_cms_municipalities","","plain_text","0"
"Sparta","mo_cms_municipalities","","plain_text","0"
"Spickard","mo_cms_municipalities","","plain_text","0"
"Spokane","mo_cms_municipalities","","plain_text","0"
"Springfield","mo_cms_municipalities","","plain_text","0"
"Squires","mo_cms_municipalities","","plain_text","0"
"St. Albans","mo_cms_municipalities","","plain_text","0"
"St. Ann","mo_cms_municipalities","","plain_text","0"
"St. Catherine","mo_cms_municipalities","","plain_text","0"
"St. Charles","mo_cms_municipalities","","plain_text","0"
"St. Clair","mo_cms_municipalities","","plain_text","0"
"St. Cloud","mo_cms_municipalities","","plain_text","0"
"St. Elizabeth","mo_cms_municipalities","","plain_text","0"
"St. George","mo_cms_municipalities","","plain_text","0"
"St. James","mo_cms_municipalities","","plain_text","0"
"St. John","mo_cms_municipalities","","plain_text","0"
"St. Joseph","mo_cms_municipalities","","plain_text","0"
"St. Louis (city)","mo_cms_municipalities","","plain_text","0"
"St. Martins","mo_cms_municipalities","","plain_text","0"
"St. Mary","mo_cms_municipalities","","plain_text","0"
"St. Patrick","mo_cms_municipalities","","plain_text","0"
"St. Paul","mo_cms_municipalities","","plain_text","0"
"St. Peters","mo_cms_municipalities","","plain_text","0"
"St. Robert","mo_cms_municipalities","","plain_text","0"
"St. Thomas","mo_cms_municipalities","","plain_text","0"
"Stanberry","mo_cms_municipalities","","plain_text","0"
"Stanton","mo_cms_municipalities","","plain_text","0"
"Stark City","mo_cms_municipalities","","plain_text","0"
"Ste. Genevieve","mo_cms_municipalities","","plain_text","0"
"Steedman","mo_cms_municipalities","","plain_text","0"
"Steele","mo_cms_municipalities","","plain_text","0"
"Steelville","mo_cms_municipalities","","plain_text","0"
"Steffenville","mo_cms_municipalities","","plain_text","0"
"Stella","mo_cms_municipalities","","plain_text","0"
"Stewartsville","mo_cms_municipalities","","plain_text","0"
"Stockton","mo_cms_municipalities","","plain_text","0"
"Stotesbury","mo_cms_municipalities","","plain_text","0"
"Stotts City","mo_cms_municipalities","","plain_text","0"
"Stoutland","mo_cms_municipalities","","plain_text","0"
"Stoutsville","mo_cms_municipalities","","plain_text","0"
"Stover","mo_cms_municipalities","","plain_text","0"
"Strafford","mo_cms_municipalities","","plain_text","0"
"Strasburg","mo_cms_municipalities","","plain_text","0"
"Sturdivant","mo_cms_municipalities","","plain_text","0"
"Sturgeon","mo_cms_municipalities","","plain_text","0"
"Success","mo_cms_municipalities","","plain_text","0"
"Sugar Creek","mo_cms_municipalities","","plain_text","0"
"Sullivan","mo_cms_municipalities","","plain_text","0"
"Sulphur Springs","mo_cms_municipalities","","plain_text","0"
"Summersville","mo_cms_municipalities","","plain_text","0"
"Sumner","mo_cms_municipalities","","plain_text","0"
"Sundown","mo_cms_municipalities","","plain_text","0"
"Sunrise Beach","mo_cms_municipalities","","plain_text","0"
"Sunset Hills","mo_cms_municipalities","","plain_text","0"
"Swedeborg","mo_cms_municipalities","","plain_text","0"
"Sweet Springs","mo_cms_municipalities","","plain_text","0"
"Sycamore Hills","mo_cms_municipalities","","plain_text","0"
"Syracuse","mo_cms_municipalities","","plain_text","0"
"Table Rock","mo_cms_municipalities","","plain_text","0"
"Tallapoosa","mo_cms_municipalities","","plain_text","0"
"Taneyville","mo_cms_municipalities","","plain_text","0"
"Taos","mo_cms_municipalities","","plain_text","0"
"Tarkio","mo_cms_municipalities","","plain_text","0"
"Tarrants","mo_cms_municipalities","","plain_text","0"
"Taylor","mo_cms_municipalities","","plain_text","0"
"Tebbetts","mo_cms_municipalities","","plain_text","0"
"Tecumseh","mo_cms_municipalities","","plain_text","0"
"Teresita","mo_cms_municipalities","","plain_text","0"
"Thayer","mo_cms_municipalities","","plain_text","0"
"The Landing","mo_cms_municipalities","","plain_text","0"
"Theodosia","mo_cms_municipalities","","plain_text","0"
"Thompson","mo_cms_municipalities","","plain_text","0"
"Thornfield","mo_cms_municipalities","","plain_text","0"
"Tiff","mo_cms_municipalities","","plain_text","0"
"Tiff City","mo_cms_municipalities","","plain_text","0"
"Tightwad","mo_cms_municipalities","","plain_text","0"
"Tina","mo_cms_municipalities","","plain_text","0"
"Tindall","mo_cms_municipalities","","plain_text","0"
"Tipton","mo_cms_municipalities","","plain_text","0"
"Town & Country","mo_cms_municipalities","","plain_text","0"
"Tracy","mo_cms_municipalities","","plain_text","0"
"Treloar","mo_cms_municipalities","","plain_text","0"
"Trenton","mo_cms_municipalities","","plain_text","0"
"Trimble","mo_cms_municipalities","","plain_text","0"
"Triplett","mo_cms_municipalities","","plain_text","0"
"Troy","mo_cms_municipalities","","plain_text","0"
"Truesdale","mo_cms_municipalities","","plain_text","0"
"Truxton","mo_cms_municipalities","","plain_text","0"
"Tunas","mo_cms_municipalities","","plain_text","0"
"Turners","mo_cms_municipalities","","plain_text","0"
"Turney","mo_cms_municipalities","","plain_text","0"
"Tuscumbia","mo_cms_municipalities","","plain_text","0"
"Twin Bridges","mo_cms_municipalities","","plain_text","0"
"Twin Oaks","mo_cms_municipalities","","plain_text","0"
"Udall","mo_cms_municipalities","","plain_text","0"
"Ulman","mo_cms_municipalities","","plain_text","0"
"Umber View Heights","mo_cms_municipalities","","plain_text","0"
"Union","mo_cms_municipalities","","plain_text","0"
"Union Star","mo_cms_municipalities","","plain_text","0"
"Unionville","mo_cms_municipalities","","plain_text","0"
"Unity Village","mo_cms_municipalities","","plain_text","0"
"University City","mo_cms_municipalities","","plain_text","0"
"Uplands Park","mo_cms_municipalities","","plain_text","0"
"Urbana","mo_cms_municipalities","","plain_text","0"
"Urich","mo_cms_municipalities","","plain_text","0"
"Utica","mo_cms_municipalities","","plain_text","0"
"Valles Mines","mo_cms_municipalities","","plain_text","0"
"Valley Park","mo_cms_municipalities","","plain_text","0"
"Van Buren","mo_cms_municipalities","","plain_text","0"
"Vandalia","mo_cms_municipalities","","plain_text","0"
"Vandiver","mo_cms_municipalities","","plain_text","0"
"Vanduser","mo_cms_municipalities","","plain_text","0"
"Vanzant","mo_cms_municipalities","","plain_text","0"
"Velda","mo_cms_municipalities","","plain_text","0"
"Velda City","mo_cms_municipalities","","plain_text","0"
"Verona","mo_cms_municipalities","","plain_text","0"
"Versailles","mo_cms_municipalities","","plain_text","0"
"Viburnum","mo_cms_municipalities","","plain_text","0"
"Vichy","mo_cms_municipalities","","plain_text","0"
"Vienna","mo_cms_municipalities","","plain_text","0"
"Villa Ridge","mo_cms_municipalities","","plain_text","0"
"Village Hills","mo_cms_municipalities","","plain_text","0"
"Vinita Park","mo_cms_municipalities","","plain_text","0"
"Vinita Terrace","mo_cms_municipalities","","plain_text","0"
"Vista","mo_cms_municipalities","","plain_text","0"
"Vulcan","mo_cms_municipalities","","plain_text","0"
"Waco","mo_cms_municipalities","","plain_text","0"
"Wakenda","mo_cms_municipalities","","plain_text","0"
"Waldron","mo_cms_municipalities","","plain_text","0"
"Walker","mo_cms_municipalities","","plain_text","0"
"Walnut Grove","mo_cms_municipalities","","plain_text","0"
"Walnut Shade","mo_cms_municipalities","","plain_text","0"
"Wappapello","mo_cms_municipalities","","plain_text","0"
"Wardell","mo_cms_municipalities","","plain_text","0"
"Wardsville","mo_cms_municipalities","","plain_text","0"
"Warrensburg","mo_cms_municipalities","","plain_text","0"
"Warrenton","mo_cms_municipalities","","plain_text","0"
"Warsaw","mo_cms_municipalities","","plain_text","0"
"Warson Woods","mo_cms_municipalities","","plain_text","0"
"Washburn","mo_cms_municipalities","","plain_text","0"
"Washington","mo_cms_municipalities","","plain_text","0"
"Wasola","mo_cms_municipalities","","plain_text","0"
"Watson","mo_cms_municipalities","","plain_text","0"
"Waverly","mo_cms_municipalities","","plain_text","0"
"Wayland","mo_cms_municipalities","","plain_text","0"
"Waynesville","mo_cms_municipalities","","plain_text","0"
"Weatherby","mo_cms_municipalities","","plain_text","0"
"Weatherby Lake","mo_cms_municipalities","","plain_text","0"
"Weaubleau","mo_cms_municipalities","","plain_text","0"
"Webb City","mo_cms_municipalities","","plain_text","0"
"Webster Groves","mo_cms_municipalities","","plain_text","0"
"Weldon Spring","mo_cms_municipalities","","plain_text","0"
"Weldon Spring Heights","mo_cms_municipalities","","plain_text","0"
"Wellington","mo_cms_municipalities","","plain_text","0"
"Wellston","mo_cms_municipalities","","plain_text","0"
"Wellsville","mo_cms_municipalities","","plain_text","0"
"Wentworth","mo_cms_municipalities","","plain_text","0"
"Wentzville","mo_cms_municipalities","","plain_text","0"
"Wesco","mo_cms_municipalities","","plain_text","0"
"West Alton","mo_cms_municipalities","","plain_text","0"
"West Line","mo_cms_municipalities","","plain_text","0"
"West Plains","mo_cms_municipalities","","plain_text","0"
"Westboro","mo_cms_municipalities","","plain_text","0"
"Weston","mo_cms_municipalities","","plain_text","0"
"Westphalia","mo_cms_municipalities","","plain_text","0"
"Westwood","mo_cms_municipalities","","plain_text","0"
"Wheatland","mo_cms_municipalities","","plain_text","0"
"Wheaton","mo_cms_municipalities","","plain_text","0"
"Wheeling","mo_cms_municipalities","","plain_text","0"
"Whiteman Air Force Base","mo_cms_municipalities","","plain_text","0"
"Whiteoak","mo_cms_municipalities","","plain_text","0"
"Whiteside","mo_cms_municipalities","","plain_text","0"
"Whitewater","mo_cms_municipalities","","plain_text","0"
"Wilbur Park","mo_cms_municipalities","","plain_text","0"
"Wildwood","mo_cms_municipalities","","plain_text","0"
"Willard","mo_cms_municipalities","","plain_text","0"
"Williamsburg","mo_cms_municipalities","","plain_text","0"
"Williamstown","mo_cms_municipalities","","plain_text","0"
"Williamsville","mo_cms_municipalities","","plain_text","0"
"Willow Springs","mo_cms_municipalities","","plain_text","0"
"Wilson City","mo_cms_municipalities","","plain_text","0"
"Winchester","mo_cms_municipalities","","plain_text","0"
"Windsor","mo_cms_municipalities","","plain_text","0"
"Windyville","mo_cms_municipalities","","plain_text","0"
"Winfield","mo_cms_municipalities","","plain_text","0"
"Winigan","mo_cms_municipalities","","plain_text","0"
"Winona","mo_cms_municipalities","","plain_text","0"
"Winston","mo_cms_municipalities","","plain_text","0"
"Wittenberg","mo_cms_municipalities","","plain_text","0"
"Wolf Island","mo_cms_municipalities","","plain_text","0"
"Wood Heights","mo_cms_municipalities","","plain_text","0"
"Woodson Terrace","mo_cms_municipalities","","plain_text","0"
"Wooldridge","mo_cms_municipalities","","plain_text","0"
"Worth","mo_cms_municipalities","","plain_text","0"
"Worthington","mo_cms_municipalities","","plain_text","0"
"Wright City","mo_cms_municipalities","","plain_text","0"
"Wyaconda","mo_cms_municipalities","","plain_text","0"
"Wyatt","mo_cms_municipalities","","plain_text","0"
"Yukon","mo_cms_municipalities","","plain_text","0"
"Zalma","mo_cms_municipalities","","plain_text","0"
"Zanoni","mo_cms_municipalities","","plain_text","0"
